"DESCRIPTION","DURATION IN MS","NAME","PARENT SUITE","START TIME","STATUS","STOP TIME","SUB SUITE","SUITE","TEST CLASS","TEST METHOD"
"","386541","*** Add/Edit/Search/MassUpdate Case *** Add/Search Case Note  *** Add/Search Case Media","","Fri May 02 21:19:25 UTC 2025","passed","Fri May 02 21:25:51 UTC 2025","","Case","",""
"","249262","Dispo Auth Service","","Fri May 02 21:30:10 UTC 2025","passed","Fri May 02 21:34:19 UTC 2025","","Services","",""
"","35001","Task/Case Reassignment","","Fri May 02 21:28:50 UTC 2025","passed","Fri May 02 21:29:25 UTC 2025","","Services","",""
"","12840","Exporter","","Fri May 02 21:24:25 UTC 2025","passed","Fri May 02 21:24:37 UTC 2025","","Services","",""
"","242593","All Dispo Actions for 8 items -- no service involved","","Fri May 02 21:19:59 UTC 2025","passed","Fri May 02 21:24:01 UTC 2025","","Dispo Auth","",""
"","93697","Container Moves","","Fri May 02 21:26:50 UTC 2025","passed","Fri May 02 21:28:24 UTC 2025","","Services","",""
"","283565","Auto Reports - Release Letters","","Fri May 02 21:34:31 UTC 2025","failed","Fri May 02 21:39:14 UTC 2025","","Services","",""
"","19074","Media Mass Download","","Fri May 02 21:39:14 UTC 2025","passed","Fri May 02 21:39:33 UTC 2025","","Services","",""
"","6","Auto Disposition","","Fri May 02 21:39:14 UTC 2025","skipped","Fri May 02 21:39:14 UTC 2025","","Services","",""
"","533089","*** Add/Edit/Search/MassUpdate Item *** Add/Search Item Note  *** Add/Search Item Media","","Fri May 02 21:25:52 UTC 2025","failed","Fri May 02 21:34:45 UTC 2025","","Item","",""
"","112143","Importer","","Fri May 02 21:24:38 UTC 2025","passed","Fri May 02 21:26:30 UTC 2025","","Services","",""
"","497212","*** Add/Edit/Search Person *** Add/Search Person Note  *** Add/Search Person Media","","Fri May 02 21:34:46 UTC 2025","failed","Fri May 02 21:43:03 UTC 2025","","Person","",""
"","19915","Workflow Service","","Fri May 02 21:26:30 UTC 2025","passed","Fri May 02 21:26:50 UTC 2025","","Services","",""
"","44657","People Merge","","Fri May 02 21:29:25 UTC 2025","passed","Fri May 02 21:30:10 UTC 2025","","Services","",""
"","25336","Container Auto Deactivate","","Fri May 02 21:28:25 UTC 2025","passed","Fri May 02 21:28:50 UTC 2025","","Services","",""
"","1019732","Verify all transactions, data changes and enabled/disabled actions based on Item status","","Fri May 02 21:45:49 UTC 2025","failed","Fri May 02 22:02:48 UTC 2025","","Item Transactions","",""
"","164733","Add User -- Assign Permissions -- Log in with newly created user","","Fri May 02 21:43:04 UTC 2025","failed","Fri May 02 21:45:49 UTC 2025","","User","",""
"","17366","Reporter","","Fri May 02 21:24:07 UTC 2025","passed","Fri May 02 21:24:25 UTC 2025","","Services","",""
